222,daw,false
22,adwawd,false
22,adwawd,false
22,adwawd,false
22,adwawd,false
22,adwawd,false
22,adwawd,false
22,adwawd,false
22,adwawd,false
22,adwawd,false
22,iiad,false
22,iiad,false
22,iiad,false
22,iiad,false
22,iiad,false
22,iiad,false
22,iiad,false
22,iiad,false
22,iiad,false
22,iiad,false
22,iiad,false
22,iiad,false
22,iiad,false
22,iiad,false
22,iiad,false
22,iiad,false
22,iiad,false
22,iiad,false
22,iiad,false
22,iiad,false
22,iiad,false
22,iiad,false
22,iiad,false
22,iiad,false
22,iiad,false
22,iiad,false
22,iiad,false
22,iiad,false
22,iiad,false
22,iiad,false
22,iiad,false
22,iiad,false
22,iiad,false
22,iiad,false
22,iiad,false
